sourceCode,sourceName,sourceFrequency,sourceAutoAssignedConceptIds,matchScore,mappingStatus,equivalence,statusSetBy,statusSetOn,conceptId,conceptName,domainId,mappingType,comment,createdBy,createdOn,assignedReviewer,ADD_INFO:sourceConceptId,ADD_INFO:sourceConceptClass,ADD_INFO:sourceDomain,ADD_INFO:sourceValidStartDate,ADD_INFO:sourceValidEndDate,ADD_INFO:sourceParents,ADD_INFO:sourceParentVocabulary,ADD_INFO:sourceName_fi,ADD_INFO:validationMessages
AC1,MVR mechanical,61,,0.51,UNCHECKED,UNREVIEWED,,0,4203153,Replacement of mitral valve,Procedure,MAPS_TO,,<auto>,1642062896578,,2000200115,HPN,Procedure,1996-01-01,2017-12-31,AC,,MVR mekaaninen,
AN1,Coronary angiography,22821,,1,FLAGGED,UNREVIEWED,,0,4142645,Coronary angiography,Procedure,MAPS_TO,,<auto>,1642062897114,,2000200163,HPN,Procedure,1996-01-01,2017-12-31,AN,,Sepelvaltimoiden angiografia,WARNING: OUTDATED: conceptName for conceptId 4142645 is different in the target vocabularies
AG,Heart ventricle operations,0,,0.75,UNCHECKED,UNREVIEWED,,0,4166298,Heart atria and ventricle operations,Procedure,MAPS_TO,,<auto>,1642062897345,,2000200130,HPN,Procedure,1996-01-01,2017-12-31,,,Kammion muovausleikkaukset,
FE,Complications of other organs,0,,0.45,UNCHECKED,UNREVIEWED,,0,44803145,Aspiration of other lesion of organ NOC,Procedure,MAPS_TO,,<auto>,1642062897487,,2000200273,HPN,Procedure,1996-01-01,2017-12-31,,,Muiden elinten komplikaatiot,
AT7,Replacing the pacemaker VVI (R) S,29,,0.42,UNCHECKED,UNREVIEWED,,0,4049403,Maintenance procedure for cardiac pacemaker system,Procedure,MAPS_TO,,<auto>,1642062897894,,2000200237,HPN,Procedure,1996-01-01,2017-12-31,AT,,Rytmihäiriötahdistimen vaihto VVI(R)S,
AC2,MVR bio,91,,0.59,UNCHECKED,UNREVIEWED,,0,4297235,Repair of mitral valve,Procedure,MAPS_TO,,<auto>,1642062897932,,2000200116,HPN,Procedure,1996-01-01,2017-12-31,AC,,MVR bio,
AS8,Physiological arrhythmia pacemaker  insertionDDD (R) S,158,,0.36,UNCHECKED,UNREVIEWED,,0,4049091,Transection operation for arrhythmia,Procedure,MAPS_TO,,<auto>,1642062898015,,2000200225,HPN,Procedure,1996-01-01,2017-12-31,AS,,Fysiologisen rytmihäiriötahdistimen asennus DDD(R)S,
AR6,"Catheter ablation of arrhythmia, target: atrial fibrillation",510,,0.56,UNCHECKED,UNREVIEWED,,0,43021509,Catheter ablation of arrhythmogenic focus,Procedure,MAPS_TO,,<auto>,1642062898015,,2000200210,HPN,Procedure,1996-01-01,2017-12-31,AR,,"Rytmihäiriön katetriablaatio, kohde: eteisvärinä",
FA1,Deep infection requiring surgical treatment,0,,0.41,UNCHECKED,UNREVIEWED,,0,4242804,Surgical treatment of septic abortion,Procedure,MAPS_TO,,<auto>,1642062898198,,2000200258,HPN,Procedure,1996-01-01,2017-12-31,FA,,Kirurgista hoitoa vaatinut syvä infektio,
AG1,Aneurysm resection,9,,0.74,FLAGGED,UNREVIEWED,,0,4336908,Left ventricular aneurysm resection,Procedure,MAPS_TO,,<auto>,1642062898673,,2000200131,HPN,Procedure,1996-01-01,2017-12-31,AG,,Aneyrysman resektio,WARNING: OUTDATED: conceptName for conceptId 4336908 is different in the target vocabularies
AC3,Mitral homograft,0,,0.66,UNCHECKED,UNREVIEWED,,0,4061058,Allograft of skin to skin,Procedure,MAPS_TO,,<auto>,1642062898991,,2000200117,HPN,Procedure,1996-01-01,2017-12-31,AC,,Mitraalihomografti,
FE1,Puncture-treated pericardial tamponade,0,,0.54,UNCHECKED,UNREVIEWED,,0,4039415,Puncture of pericardium,Procedure,MAPS_TO,,<auto>,1642062899806,,2000200274,HPN,Procedure,1996-01-01,2017-12-31,FE,,Punktiolla hoidettu perikardiumtamponaatio,
AN2,"Balloon angioplasty, including several vessels",2348,,0.54,UNCHECKED,UNREVIEWED,,0,4225903,"Percutaneous transluminal coronary angioplasty, multiple vessels",Procedure,MAPS_TO,,<auto>,1642062899806,,2000200164,HPN,Procedure,1996-01-01,2017-12-31,AN,,"Pallolaajennus, myös useat suonet",
AB5,Ross,0,,0.43,UNCHECKED,UNREVIEWED,,0,4099684,Crossover test,Procedure,MAPS_TO,,<auto>,1642062899915,,2000200112,HPN,Procedure,1996-01-01,2017-12-31,AB,,Ross,
FA2,Lung / pleural infection,0,,0.48,UNCHECKED,UNREVIEWED,,0,4000885,Pleura injection,Procedure,MAPS_TO,,<auto>,1642062899958,,2000200259,HPN,Procedure,1996-01-01,2017-12-31,FA,,Keuhko/pleuratilan infektio,
AT8,Physiological pacemaker replacement DDD (R) S,20,,0.45,FLAGGED,UNREVIEWED,,0,4264116,Replacement of pacemaker in brain,Procedure,MAPS_TO,,<auto>,1642062900343,,2000200238,HPN,Procedure,1996-01-01,2017-12-31,AT,,Fysiologisen rytmihäiriötahdistimen vaihto DDD(R)S,WARNING: OUTDATED: standard_concept for conceptId 4264116 has changed to non-standard
ASA,Insertion of a biventricular pacemaker VVI (R) S,33,,0.46,UNCHECKED,UNREVIEWED,,0,44807913,Fluoroscopy guided insertion of permanent biventricular pacemaker lead,Procedure,MAPS_TO,,<auto>,1642062900495,,2000200226,HPN,Procedure,1996-01-01,2017-12-31,AS,,Biventrikulaarisen rytmihäiriötahdistimen asennus VVI(R)S,
AG2,"Outflow channel correction, (eg in HOCM)",7,,0.32,UNCHECKED,UNREVIEWED,,0,40488996,Repair of tetralogy of Fallot using right ventricular outflow conduit,Procedure,MAPS_TO,,<auto>,1642062900563,,2000200132,HPN,Procedure,1996-01-01,2017-12-31,AG,,"Ulosvirtauskanavan korjaus, ( esim HOCM:ssa )",
AR7,"Catheter ablation of arrhythmia, target: right ventricular tachycardia",54,,0.56,UNCHECKED,UNREVIEWED,,0,43021509,Catheter ablation of arrhythmogenic focus,Procedure,MAPS_TO,,<auto>,1642062900778,,2000200211,HPN,Procedure,1996-01-01,2017-12-31,AR,,"Rytmihäiriön katetriablaatio, kohde: oikean kammion takykardia",
FE2,Pneumothorax,0,,0.78,UNCHECKED,UNREVIEWED,,0,4248825,Surgical pneumothorax,Procedure,MAPS_TO,,<auto>,1642062900829,,2000200275,HPN,Procedure,1996-01-01,2017-12-31,FE,,Pneumothorax,
ABX,Other aortic valve operation,51,,0.77,UNCHECKED,UNREVIEWED,,0,4338441,Operation on aortic valve cusp,Procedure,MAPS_TO,,<auto>,1642062901527,,2000200113,HPN,Procedure,1996-01-01,2017-12-31,AB,,Muu aorttaläppään kohdistuva toimenpide,
AN3,Balloon angioplasty and metallic stent,3533,,0.72,UNCHECKED,UNREVIEWED,,0,4174895,Percutaneous transluminal angioplasty of vein,Procedure,MAPS_TO,,<auto>,1642062901819,,2000200165,HPN,Procedure,1996-01-01,2017-12-31,AN,,Pallolaajennus ja metalliverkkoputken asennus,
ATA,Biventricular pacemaker replacement VVI (R) S,16,,0.5,UNCHECKED,UNREVIEWED,,0,506576,Renewal of biventricular cardiac pacemaker,Procedure,MAPS_TO,,<auto>,1642062902064,,2000200239,HPN,Procedure,1996-01-01,2017-12-31,AT,,Biventrikulaarisen rytmihäiriötahdistimen vaihto VVI(R)S,
AGX,"Heart ventricle operations, e.g. Dor, Batista",0,,0.36,UNCHECKED,UNREVIEWED,,0,4166298,Heart atria and ventricle operations,Procedure,MAPS_TO,,<auto>,1642062902550,,2000200133,HPN,Procedure,1996-01-01,2017-12-31,AG,,"Kammion muovausleikkaus,esim Dor, Batista",
FE3,"Haematoma due to puncture, requiring treatment",0,,0.4,UNCHECKED,UNREVIEWED,,0,4182603,Puncture aspiration of hematoma of skin,Procedure,MAPS_TO,,<auto>,1642062902833,,2000200276,HPN,Procedure,1996-01-01,2017-12-31,FE,,"Punktiohematooma, hoitoa vaatinut",
AC,Mitral valve operations,0,,0.95,UNCHECKED,UNREVIEWED,,0,4337060,Mitral valve operation,Procedure,MAPS_TO,,<auto>,1642062902843,,2000200114,HPN,Procedure,1996-01-01,2017-12-31,,,Mitraaliläpän korjaamiset,
AR8,"Catheter ablation of arrhythmia, target: left ventricular tachycardia",64,,0.56,UNCHECKED,UNREVIEWED,,0,43021509,Catheter ablation of arrhythmogenic focus,Procedure,MAPS_TO,,<auto>,1642062903289,,2000200212,HPN,Procedure,1996-01-01,2017-12-31,AR,,"Rytmihäiriön katetriablaatio, kohde: vasemman kammion takykardia",
ASB,Insertion of a biventricular physiological pacemaker DDD (R),120,,0.46,UNCHECKED,UNREVIEWED,,0,44807913,Fluoroscopy guided insertion of permanent biventricular pacemaker lead,Procedure,MAPS_TO,,<auto>,1642062903330,,2000200227,HPN,Procedure,1996-01-01,2017-12-31,AS,,"Biventrikulaarisen, fysiologisen rytmihäiriötahdistimen asennus DDD(R)",
AD1,TVP,93,,0.54,UNCHECKED,UNREVIEWED,,0,4263480,Suprapubic prostatectomy,Procedure,MAPS_TO,,<auto>,1642062903613,,2000200121,HPN,Procedure,1996-01-01,2017-12-31,AD,,TVP,
AH,Arrhythmia surgeries / treatments,0,,0.55,UNCHECKED,UNREVIEWED,,0,4051932,Procedure for arrhythmia,Procedure,MAPS_TO,,<auto>,1642062903875,,2000200134,HPN,Procedure,1996-01-01,2017-12-31,,,Rytmihäiriöleikkaukset/hoidot,
FA3,Superficial wound infection: confirmed in bacterial culture or reddening purulent wound,0,,0.37,UNCHECKED,UNREVIEWED,,0,40479673,Closure of superficial wound dehiscence,Procedure,MAPS_TO,,<auto>,1642062903890,,2000200260,HPN,Procedure,1996-01-01,2017-12-31,FA,,Pinnallinen haavan infektio: bakteeriviljelyssä varmistettu tai punoittava purulentti haava,
AD2,TVR,8,,0.52,UNCHECKED,UNREVIEWED,,0,4293619,Repair of tricuspid valve,Procedure,MAPS_TO,,<auto>,1642062904017,,2000200122,HPN,Procedure,1996-01-01,2017-12-31,AD,,TVR,
ASC,Rhythm monitor insertion,108,,0.56,UNCHECKED,UNREVIEWED,,0,44808009,ECG (electrocardiogram) rhythm strip monitoring,Procedure,MAPS_TO,,<auto>,1642062904573,,2000200228,HPN,Procedure,1996-01-01,2017-12-31,AS,,Rytmivalvurin asennus,
AM4,VAD (use of the left and / or right side mechanical support (other than IABP),22,,0.26,UNCHECKED,UNREVIEWED,,0,4148375,Catheterization of both left and right heart,Procedure,MAPS_TO,,<auto>,1642062904664,,2000200160,HPN,Procedure,1996-01-01,2017-12-31,AM,,VAD (Vasemman ja/tai oikean puolen mekaanisen tuen käyttö (muu kuin IABP),
ATB,"Replacement of biventricular, physiological pacemaker DDD (R) S",12,,0.5,UNCHECKED,UNREVIEWED,,0,506576,Renewal of biventricular cardiac pacemaker,Procedure,MAPS_TO,,<auto>,1642062904664,,2000200240,HPN,Procedure,1996-01-01,2017-12-31,AT,,"Biventrikulaarisen, fysiologisen rytmihäiriötahdistimen vaihto DDD(R)S",
AR3,"Catheter ablation of arrhythmia, target: atrial tachycardia",71,,0.6,UNCHECKED,UNREVIEWED,,0,43021509,Catheter ablation of arrhythmogenic focus,Procedure,MAPS_TO,,<auto>,1642062905594,,2000200207,HPN,Procedure,1996-01-01,2017-12-31,AR,,"Rytmihäiriön katetriablaatio, kohde: eteistakykardia",
ADX,Other tricuspid valve operations,0,,0.88,UNCHECKED,UNREVIEWED,,0,4338315,Tricuspid valve operation,Procedure,MAPS_TO,,<auto>,1642062905616,,2000200123,HPN,Procedure,1996-01-01,2017-12-31,AD,,Muu trikuspidaaliläpän korjausleikkaus,
FE4,"GI channel complication: eg intestinal ischemia, pancreatitis",0,,0.34,FLAGGED,UNREVIEWED,,0,4214325,Intestinal plication,Procedure,MAPS_TO,,<auto>,1642062905727,,2000200277,HPN,Procedure,1996-01-01,2017-12-31,FE,,"GI kanavan komplikaatio: esim. suolistoiskemia, pankreatiitti",WARNING: OUTDATED: conceptName for conceptId 4214325 is different in the target vocabularies
CC,Electrive non-emergency cardiac patient,0,,0.58,UNCHECKED,UNREVIEWED,,0,4128726,Non-emergency appendectomy,Procedure,MAPS_TO,,<auto>,1642062905798,,2000200255,HPN,Procedure,1996-01-01,2017-12-31,,,Elektiivinen kiireetön sydänpotilas,
ASX,Other pacemaker insertion,64,,0.73,UNCHECKED,UNREVIEWED,,0,4184306,Insertion of carotid pacemaker,Procedure,MAPS_TO,,<auto>,1642062906072,,2000200229,HPN,Procedure,1996-01-01,2017-12-31,AS,,Muu tahdistimem asennus,
AC4,MVP,354,,0.53,UNCHECKED,UNREVIEWED,,0,4297236,Mitral valvuloplasty,Procedure,MAPS_TO,,<auto>,1642062906264,,2000200118,HPN,Procedure,1996-01-01,2017-12-31,AC,,MVP,
AT,Replacing the pacemaker,0,,0.67,FLAGGED,UNREVIEWED,,0,4264116,Replacement of pacemaker in brain,Procedure,MAPS_TO,,<auto>,1642062907174,,2000200230,HPN,Procedure,1996-01-01,2017-12-31,,,Tahdistimen vaihto,WARNING: OUTDATED: standard_concept for conceptId 4264116 has changed to non-standard
AH1,"Arrhythmia surgery, eg wall and / or endocardial resection and / or cutting the extra electrical pathway, etc.",0,,0.42,UNCHECKED,UNREVIEWED,,0,4300434,Induction of arrhythmia by electrical pacing,Procedure,MAPS_TO,,<auto>,1642062907508,,2000200135,HPN,Procedure,1996-01-01,2017-12-31,AH,,"Rytmihäiriöleikkaus,esim seinämä- ja /tai endokardium resektio ja/ tai oikoradan katkaisu jne.",
ATX,"Other pacemaker replacement or related action, such as cord removal or replacement",202,,0.52,UNCHECKED,UNREVIEWED,,0,4270363,Removal of cardiac pacemaker,Procedure,MAPS_TO,,<auto>,1642062907518,,2000200241,HPN,Procedure,1996-01-01,2017-12-31,AT,,"Muu tahdistimen vaihto tai siihen liittyvä toimenpide, esim johdon poisto tai vaihto",
FEX,Other specified organ complications,0,,0.64,UNCHECKED,UNREVIEWED,,0,44803219,Other operations on unspecified organ,Procedure,MAPS_TO,,<auto>,1642062907620,,2000200278,HPN,Procedure,1996-01-01,2017-12-31,FE,,Muut määritellyt elinkomplikaatiot,
ACX,Other mitral valve operation,22,,0.86,UNCHECKED,UNREVIEWED,,0,4337060,Mitral valve operation,Procedure,MAPS_TO,,<auto>,1642062907650,,2000200119,HPN,Procedure,1996-01-01,2017-12-31,AC,,Muu mitraaliläppään kohdistuva toimenpide,
AMX,Other surgical procedure for a demanding cardiac patient,53,,0.47,UNCHECKED,UNREVIEWED,,0,4012185,Cardiovascular surgical procedure,Procedure,MAPS_TO,,<auto>,1642062907802,,2000200161,HPN,Procedure,1996-01-01,2017-12-31,AM,,Muu vaativan sydänpotilaan leikkaustoimenpide,
CX,Other or unspecified urgency of the cardiac patient,0,,0.49,UNCHECKED,UNREVIEWED,,0,44803219,Other operations on unspecified organ,Procedure,MAPS_TO,,<auto>,1642062908237,,2000200256,HPN,Procedure,1996-01-01,2017-12-31,,,Sydänpotilaan muu tai ei määritelty kiireellisyys,
BA,Primary procedure,0,,0.78,UNCHECKED,UNREVIEWED,,0,4201926,Primary prevention,Procedure,MAPS_TO,,<auto>,1642062908964,,2000200242,HPN,Procedure,1996-01-01,2017-12-31,,,Primaari toimenpide,
AD,Tricuspid valve operations,0,,0.97,UNCHECKED,UNREVIEWED,,0,4338315,Tricuspid valve operation,Procedure,MAPS_TO,,<auto>,1642062908966,,2000200120,HPN,Procedure,1996-01-01,2017-12-31,,,Trikuspidaaliläpän korjaamiset,
AR4,"Catheter ablation of arrhythmia, target: other tachycardia of abnormal pathways (Mahaim, branch tachycardia, fascicular, etc.)",0,,0.39,UNCHECKED,UNREVIEWED,,0,43021509,Catheter ablation of arrhythmogenic focus,Procedure,MAPS_TO,,<auto>,1642062909280,,2000200208,HPN,Procedure,1996-01-01,2017-12-31,AR,,"Rytmihäiriön katetriablaatio, kohde: muu poikkeavien ratojen takykardia (Mahaim, haaratakykardia, faskikulaarinen ym.)",
FA,Infection complication,0,,0.59,UNCHECKED,UNREVIEWED,,0,4298121,Infection control procedure,Procedure,MAPS_TO,,<auto>,1642062909635,,2000200257,HPN,Procedure,1996-01-01,2017-12-31,,,Infektiokomplikaatio,
AEX,Other pulmonary or pulmonary artery valve procedure,17,,0.72,UNCHECKED,UNREVIEWED,,0,4336612,Closure of pulmonary valve,Procedure,MAPS_TO,,<auto>,1642062909695,,2000200127,HPN,Procedure,1996-01-01,2017-12-31,AE,,Muu keuhkovaltimoon tai keuhkovaltimoläppään kohdistuva toimenpide,
AAX,Other CABG,24,,0.63,UNCHECKED,UNREVIEWED,,0,4189169,Emergency CABG,Procedure,MAPS_TO,,<auto>,1642062909726,,2000200106,HPN,Procedure,1996-01-01,2017-12-31,AA,,Muu CABG,
AS5,Biventricular heart failure pacemaker insertion VVI (R),46,,0.41,UNCHECKED,UNREVIEWED,,0,44807913,Fluoroscopy guided insertion of permanent biventricular pacemaker lead,Procedure,MAPS_TO,,<auto>,1642062909746,,2000200222,HPN,Procedure,1996-01-01,2017-12-31,AS,,Biventrikulaarisen vajaatoimintatahdistimen asennus VVI(R),
AB,Aortic valve operations,0,,0.76,UNCHECKED,UNREVIEWED,,0,4338441,Operation on aortic valve cusp,Procedure,MAPS_TO,,<auto>,1642062910991,,2000200107,HPN,Procedure,1996-01-01,2017-12-31,,,Aorttaläpän korjaamiset,
AT4,Physiological pacemaker replacement DDD (R),154,,0.47,FLAGGED,UNREVIEWED,,0,4264116,Replacement of pacemaker in brain,Procedure,MAPS_TO,,<auto>,1642062911062,,2000200234,HPN,Procedure,1996-01-01,2017-12-31,AT,,Fysiologisen tahdistimenvaihto DDD(R),WARNING: OUTDATED: standard_concept for conceptId 4264116 has changed to non-standard
AN,"Coronary angiographies, balloon angioplasties and other catheter operations",7,,0.55,FLAGGED,UNREVIEWED,,0,4219097,"Angiography of coronary arteries, bilateral",Procedure,MAPS_TO,,<auto>,1642062911103,,2000200162,HPN,Procedure,1996-01-01,2017-12-31,,,"Sepelvaltimoiden angiografiat, pallolaajennukset ja muut katetritoimenpiteet",WARNING: OUTDATED: conceptName for conceptId 4219097 is different in the target vocabularies
FD1,"A major cardiac event associated with the operation, e.g., myocardial infarction",0,,0.38,FLAGGED,UNREVIEWED,,0,4010422,Myocardial infarction education,Procedure,MAPS_TO,,<auto>,1642062911384,,2000200270,HPN,Procedure,1996-01-01,2017-12-31,FD,,"Toimenpiteeseen liittyvä merkittävä sydäntapahtuma, esim. infarkti",WARNING: OUTDATED: domainId for conceptId 4010422 is different in the target vocabularies
AR5,"Catheter ablation of arrhythmia, target: atrial flutter",286,,0.57,UNCHECKED,UNREVIEWED,,0,43021509,Catheter ablation of arrhythmogenic focus,Procedure,MAPS_TO,,<auto>,1642062911599,,2000200209,HPN,Procedure,1996-01-01,2017-12-31,AR,,"Rytmihäiriön katetriablaatio, kohde: eteislepatus",
AF,Congenital heart defect operations,0,,0.48,UNCHECKED,UNREVIEWED,,0,44790134,Open heart assist operations,Procedure,MAPS_TO,,<auto>,1642062911607,,2000200128,HPN,Procedure,1996-01-01,2017-12-31,,,Synnynnäisen sydänvian korjaamiset,
AB1,AVR mechanical,335,,0.41,FLAGGED,UNREVIEWED,,0,4230167,Artificial respiration,Procedure,MAPS_TO,,<auto>,1642062911921,,2000200108,HPN,Procedure,1996-01-01,2017-12-31,AB,,AVR mekaaninen,WARNING: OUTDATED: conceptName for conceptId 4230167 is different in the target vocabularies
ARX,Other catheter ablation,11,,0.63,UNCHECKED,UNREVIEWED,,0,4147746,Catheter ablation of lesion of heart,Procedure,MAPS_TO,,<auto>,1642062912751,,2000200216,HPN,Procedure,1996-01-01,2017-12-31,AR,,Muu katetriablaatio,
FB2,"Transient neurological complication: delirium requiring treatment, TIA, confusion",0,,0.35,UNCHECKED,UNREVIEWED,,0,4211478,Biological treatment,Procedure,MAPS_TO,,<auto>,1642062912872,,2000200264,HPN,Procedure,1996-01-01,2017-12-31,FB,,"Ohimennyt neurologinen komplikaatio: hoitoa vaatinut delirium, TIA, sekavuus",
AS6,Biventricular physiological heart failure pacemaker insertion DDD (R),84,,0.42,UNCHECKED,UNREVIEWED,,0,44807913,Fluoroscopy guided insertion of permanent biventricular pacemaker lead,Procedure,MAPS_TO,,<auto>,1642062912933,,2000200223,HPN,Procedure,1996-01-01,2017-12-31,AS,,"Biventrikulaarisen, fysiologisen vajaatoimintatahdistimen asennus DDD(R)",
AB2,"AVR bio, stent",629,,0.34,UNCHECKED,UNREVIEWED,,0,4095407,Replacement of aortic valve,Procedure,MAPS_TO,,<auto>,1642062912962,,2000200109,HPN,Procedure,1996-01-01,2017-12-31,AB,,"AVR bio, stentillinen",
AT5,Biventricular heart failure pacemaker replacement VVI (R),0,,0.47,UNCHECKED,UNREVIEWED,,0,506576,Renewal of biventricular cardiac pacemaker,Procedure,MAPS_TO,,<auto>,1642062913338,,2000200235,HPN,Procedure,1996-01-01,2017-12-31,AT,,Biventrikulaarisen vajaatoimintatahdistimen vaihto VVI(R),
AF1,Surgery of congenital heart defect,46,,0.49,UNCHECKED,UNREVIEWED,,0,4138713,Closure of congenital umbilical defect,Procedure,MAPS_TO,,<auto>,1642062913389,,2000200129,HPN,Procedure,1996-01-01,2017-12-31,AF,,Synnynnäisen sydänvian leikkaus,
ANC,"Coronary artery pressure measurement (FFR, fractional flow reserve)",784,,0.38,UNCHECKED,UNREVIEWED,,0,4261467,Measurement of coronary blood flow,Procedure,MAPS_TO,,<auto>,1642062913923,,2000200169,HPN,Procedure,1996-01-01,2017-12-31,AN,,"Sepelvaltimon sisäinen paineenmittaus (FFR, fractional flow reserve)",
AS,Pacemaker insertion,0,,0.77,UNCHECKED,UNREVIEWED,,0,4184306,Insertion of carotid pacemaker,Procedure,MAPS_TO,,<auto>,1642062913955,,2000200217,HPN,Procedure,1996-01-01,2017-12-31,,,Tahdistimen asennus,
AB3,"AVR bio, stent-free",25,,0.36,UNCHECKED,UNREVIEWED,,0,4232744,Wheat-free diet,Procedure,MAPS_TO,,<auto>,1642062914188,,2000200110,HPN,Procedure,1996-01-01,2017-12-31,AB,,"AVR bio, stentitön",
FD2,Arrhythmia: An arrhythmia that requires treatment other than transient atrial fibrillation,0,,0.41,UNCHECKED,UNREVIEWED,,0,4050568,Ablation operation for arrhythmia,Procedure,MAPS_TO,,<auto>,1642062914300,,2000200271,HPN,Procedure,1996-01-01,2017-12-31,FD,,Rytmihäiriö: muu hoitoa vaatinut rytmihäiriö kuin ohimennyt eteisvärinä,
AE,Pulmonary artery surgery,0,,0.77,UNCHECKED,UNREVIEWED,,0,4150819,Operative procedure on coronary artery,Procedure,MAPS_TO,,<auto>,1642062914452,,2000200124,HPN,Procedure,1996-01-01,2017-12-31,,,Keuhkovaltimoleikkaukset,
AS7,Arrhythmia pacemaker insertion VVI (R) S,237,,0.42,UNCHECKED,UNREVIEWED,,0,4049091,Transection operation for arrhythmia,Procedure,MAPS_TO,,<auto>,1642062914533,,2000200224,HPN,Procedure,1996-01-01,2017-12-31,AS,,Rytmihäiriötahdistimen asennus VVI(R)S,
AB4,Aortic homogratf,0,,0.46,UNCHECKED,UNREVIEWED,,0,4169620,Fluoroscopic angiography of aorta with contrast,Procedure,MAPS_TO,,<auto>,1642062915119,,2000200111,HPN,Procedure,1996-01-01,2017-12-31,AB,,Aorttahomografti,
AS1,Artrial pacemaker insertion AAI (R),66,,0.49,UNCHECKED,UNREVIEWED,,0,4184306,Insertion of carotid pacemaker,Procedure,MAPS_TO,,<auto>,1642062915605,,2000200218,HPN,Procedure,1996-01-01,2017-12-31,AS,,Eteisahdistimen asennus AAI(R),
FDX,Other cardiac complication,0,,0.55,UNCHECKED,UNREVIEWED,,0,4223020,Cardiac catheterization,Procedure,MAPS_TO,,<auto>,1642062915909,,2000200272,HPN,Procedure,1996-01-01,2017-12-31,FD,,Muu sydänkomplikaatio,
AE1,Pulmonary artery thrombendarterectomy,16,,0.82,UNCHECKED,UNREVIEWED,,0,4143686,Pulmonary thromboendarterectomy,Procedure,MAPS_TO,,<auto>,1642062915977,,2000200125,HPN,Procedure,1996-01-01,2017-12-31,AE,,Keuhkovaltimon trombendarterektomia,
AT6,Biventricular physiological heart failure pacemaker replacement DDD (R),12,,0.46,UNCHECKED,UNREVIEWED,,0,506576,Renewal of biventricular cardiac pacemaker,Procedure,MAPS_TO,,<auto>,1642062916253,,2000200236,HPN,Procedure,1996-01-01,2017-12-31,AT,,"Biventrikulaarisen, fysiologisen vajaatoimintatahdistimen vaihto DDD(R)",
111,No complications,604,,0.55,UNCHECKED,UNREVIEWED,,0,4031263,Plication,Procedure,MAPS_TO,,<auto>,1642062916334,,2000200101,HPN,Procedure,1996-01-01,2017-12-31,,,Ei komplikaatioita,
AND,"Coronary artery pressure measurement (CFR, coronary flow reserve)",19,,0.38,UNCHECKED,UNREVIEWED,,0,4261467,Measurement of coronary blood flow,Procedure,MAPS_TO,,<auto>,1642062916344,,2000200170,HPN,Procedure,1996-01-01,2017-12-31,AN,,"Sepelvaltimon sisäinen virtausmittaus (CFR, coronary flow reserve)",
FBX,Other neurological complication: also includes critical illness polyneuropathy,0,,0.33,FLAGGED,UNREVIEWED,,0,44813826,Education about neurological critical care,Procedure,MAPS_TO,,<auto>,1642062916344,,2000200265,HPN,Procedure,1996-01-01,2017-12-31,FB,,Muu neurologinen komplikaatio: sisältää myös critical illness polyneuropatian,WARNING: OUTDATED: domainId for conceptId 44813826 is different in the target vocabularies
AS2,Ventricular pacemaker insertion VVI (R),574,,0.45,UNCHECKED,UNREVIEWED,,0,4184306,Insertion of carotid pacemaker,Procedure,MAPS_TO,,<auto>,1642062916465,,2000200219,HPN,Procedure,1996-01-01,2017-12-31,AS,,Kammiotahdistimen asennus VVI(R),
AE2,Pulmonary homograft,0,,0.68,UNCHECKED,UNREVIEWED,,0,4020080,Homograft pulmonary valve replacement,Procedure,MAPS_TO,,<auto>,1642062916807,,2000200126,HPN,Procedure,1996-01-01,2017-12-31,AE,,Pulmonaalihomografti,
AA,Coronary artery bypass,0,,0.84,UNCHECKED,UNREVIEWED,,0,4336464,Coronary artery bypass graft,Procedure,MAPS_TO,,<auto>,1642062917485,,2000200102,HPN,Procedure,1996-01-01,2017-12-31,,,Sepelvaltimo-ohitukset,
ARA,"Catheter ablation of arrhythmia, other subject",7,,0.67,UNCHECKED,UNREVIEWED,,0,43021509,Catheter ablation of arrhythmogenic focus,Procedure,MAPS_TO,,<auto>,1642062917497,,2000200213,HPN,Procedure,1996-01-01,2017-12-31,AR,,"Rytmihäiriön katetriablaatio, muu kohde",
FC,Renal complication,0,,0.6,UNCHECKED,UNREVIEWED,,0,4031263,Plication,Procedure,MAPS_TO,,<auto>,1642062917558,,2000200266,HPN,Procedure,1996-01-01,2017-12-31,,,Munuaiskomplikaatio,
AT1,Artrial pacemaker replacement AAI (R),27,,0.5,FLAGGED,UNREVIEWED,,0,4264116,Replacement of pacemaker in brain,Procedure,MAPS_TO,,<auto>,1642062917912,,2000200231,HPN,Procedure,1996-01-01,2017-12-31,AT,,Eteisahdistimen vaihto AAI(R),WARNING: OUTDATED: standard_concept for conceptId 4264116 has changed to non-standard
ANE,Coronary internal ultrasound (IVUS),263,,0.47,UNCHECKED,UNREVIEWED,,0,37395317,Primary internal ultrasound assisted liposuction of thigh,Procedure,MAPS_TO,,<auto>,1642062918294,,2000200171,HPN,Procedure,1996-01-01,2017-12-31,AN,,Sepelvaltimon sisäinen ultraääni (IVUS),
AJ3,Reconstruction of the aortic arch,46,,0.67,UNCHECKED,UNREVIEWED,,0,4050280,Bypass graft of the descending thoracic aorta,Procedure,MAPS_TO,,<auto>,1642062918488,,2000200142,HPN,Procedure,1996-01-01,2017-12-31,AJ,,Aortan kaaren rekonstruktio,
AA1,Conventional CABG,2030,,0.56,UNCHECKED,UNREVIEWED,,0,4189169,Emergency CABG,Procedure,MAPS_TO,,<auto>,1642062918660,,2000200103,HPN,Procedure,1996-01-01,2017-12-31,AA,,Konventionaalinen CABG,
AS3,Insertion of a single-wire physiological pacemaker VDD (R),42,,0.38,UNCHECKED,UNREVIEWED,,0,4184306,Insertion of carotid pacemaker,Procedure,MAPS_TO,,<auto>,1642062918994,,2000200220,HPN,Procedure,1996-01-01,2017-12-31,AS,,"Yksijohtoisen, fysiologisen tahdistimen asennus VDD(R)",
FAX,Other complication of infection,0,,0.54,UNCHECKED,UNREVIEWED,,0,4015847,Isolation of infection contact,Procedure,MAPS_TO,,<auto>,1642062919336,,2000200261,HPN,Procedure,1996-01-01,2017-12-31,FA,,Muu infektiokomplikaatio,
FC1,Renal complication associated with the operation that required dialysis or filtration,0,,0.31,UNCHECKED,UNREVIEWED,,0,4051327,Intermittent hemodialysis with sequential ultrafiltration,Procedure,MAPS_TO,,<auto>,1642062919510,,2000200267,HPN,Procedure,1996-01-01,2017-12-31,FC,,Toimenpiteeseen liittyvä dialyysia tai filtraatiota vaatinut munuaiskomplikaatio,
AT2,Ventricular pacemaker replacement VVI (R),103,,0.46,UNCHECKED,UNREVIEWED,,0,506576,Renewal of biventricular cardiac pacemaker,Procedure,MAPS_TO,,<auto>,1642062919540,,2000200232,HPN,Procedure,1996-01-01,2017-12-31,AT,,Kammiotahdistimen vaihto VVI(R),
AA2,Off pump CABG sternotomy,406,,0.47,UNCHECKED,UNREVIEWED,,0,4100637,Sternotomy,Procedure,MAPS_TO,,<auto>,1642062919935,,2000200104,HPN,Procedure,1996-01-01,2017-12-31,AA,,Off pump CABG sternotomiateitse,
ARB,Catheter ablation of arrhythmia: Cutiing or modification of the AV node,99,,0.51,UNCHECKED,UNREVIEWED,,0,43021509,Catheter ablation of arrhythmogenic focus,Procedure,MAPS_TO,,<auto>,1642062919945,,2000200214,HPN,Procedure,1996-01-01,2017-12-31,AR,,Rytmihäiriön katetriablaatio: AV -junktion katkaisu tai modifiointi,
AN4,Balloon angioplasty and drug eluding stent,4255,,0.59,UNCHECKED,UNREVIEWED,,0,45770795,Percutaneous transluminal balloon angioplasty and insertion of drug eluting stent into coronary artery,Procedure,MAPS_TO,,<auto>,1642062920137,,2000200166,HPN,Procedure,1996-01-01,2017-12-31,AN,,Pallolaajennus ja lääkeverkkoputken asennus,
FB,Neurological complication,0,,0.63,UNCHECKED,UNREVIEWED,,0,4225119,Neurological examination,Procedure,MAPS_TO,,<auto>,1642062920633,,2000200262,HPN,Procedure,1996-01-01,2017-12-31,,,Neurologinen komplikaatio,
AJ4,Reconstruction of the descending thoracic aorta,29,,0.74,UNCHECKED,UNREVIEWED,,0,4050280,Bypass graft of the descending thoracic aorta,Procedure,MAPS_TO,,<auto>,1642062921038,,2000200143,HPN,Procedure,1996-01-01,2017-12-31,AJ,,Laskevan torakaaliaortan rekonstruktio,
AS4,Physiological pacemaker insertion DDD (R),1299,,0.47,UNCHECKED,UNREVIEWED,,0,4184306,Insertion of carotid pacemaker,Procedure,MAPS_TO,,<auto>,1642062921046,,2000200221,HPN,Procedure,1996-01-01,2017-12-31,AS,,Fysiologisen tahdistimen asennus DDD(R),
FCX,Other renal complication,0,,0.41,FLAGGED,UNREVIEWED,,0,4277118,Complicated catheterization of bladder,Procedure,MAPS_TO,,<auto>,1642062921129,,2000200268,HPN,Procedure,1996-01-01,2017-12-31,FC,,Muu munuaiskomplikaatio,WARNING: OUTDATED: conceptName for conceptId 4277118 is different in the target vocabularies
ANA,Coronary roablation,80,,0.47,UNCHECKED,UNREVIEWED,,0,4264285,Percutaneous transluminal coronary angioplasty by rotoablation,Procedure,MAPS_TO,,<auto>,1642062921463,,2000200167,HPN,Procedure,1996-01-01,2017-12-31,AN,,Sepelvaltimon rotablaatio,
AA3,"Off pump CABG, other eg MIDCAB, LATCAB, LASTCAB, TACAB",56,,0.25,UNCHECKED,UNREVIEWED,,0,4189169,Emergency CABG,Procedure,MAPS_TO,,<auto>,1642062921554,,2000200105,HPN,Procedure,1996-01-01,2017-12-31,AA,,"Off pump CABG , muu esim. MIDCAB, LATCAB, LASTCAB, TACAB",
AT3,"Single-wire, physiological pacemaker replacement VDD (R)",19,,0.36,FLAGGED,UNREVIEWED,,0,4264116,Replacement of pacemaker in brain,Procedure,MAPS_TO,,<auto>,1642062921635,,2000200233,HPN,Procedure,1996-01-01,2017-12-31,AT,,"Yksijohtoisen, fysiologisen tahdistimenvaihto VDD(R)",WARNING: OUTDATED: standard_concept for conceptId 4264116 has changed to non-standard
FD,Cardiac complication,0,,0.64,UNCHECKED,UNREVIEWED,,0,4083211,Cardiac CT,Procedure,MAPS_TO,,<auto>,1642062922262,,2000200269,HPN,Procedure,1996-01-01,2017-12-31,,,Sydänkomplikaatio,
ANB,Coronary thrombectomy,192,,0.79,UNCHECKED,UNREVIEWED,,0,4185284,Removal of thrombus,Procedure,MAPS_TO,,<auto>,1642062922424,,2000200168,HPN,Procedure,1996-01-01,2017-12-31,AN,,Sepelvaltimon trombektomia,
ARC,Catheter ablation of arrhythmia: target: inappropriate sinus tachycardia,0,,0.53,UNCHECKED,UNREVIEWED,,0,43021509,Catheter ablation of arrhythmogenic focus,Procedure,MAPS_TO,,<auto>,1642062922657,,2000200215,HPN,Procedure,1996-01-01,2017-12-31,AR,,Rytmihäiriön katetriablaatio: kohde: epätarkoituksenmukainen sinustakykardia,
APE,Other balloon angioplasties,0,,0.66,UNCHECKED,UNREVIEWED,,0,4174895,Percutaneous transluminal angioplasty of vein,Procedure,MAPS_TO,,<auto>,1642062922667,,2000200187,HPN,Procedure,1996-01-01,2017-12-31,AP,,Muu verisuonen pallolaajennus,
AJ,Surgery of the aorta and heart,0,,0.44,UNCHECKED,UNREVIEWED,,0,37394549,"Arteriography of heart, aorta and coronary arteries",Procedure,MAPS_TO,,<auto>,1642062923296,,2000200139,HPN,Procedure,1996-01-01,2017-12-31,,,Aorttaan ja muut sydämeen kohdistuvat leikkaukset,
FB1,Stroke: a neurological deficiency and confirmed by imaging,0,,0.27,UNCHECKED,UNREVIEWED,,0,4021179,Neurological assessment,Procedure,MAPS_TO,,<auto>,1642062923478,,2000200263,HPN,Procedure,1996-01-01,2017-12-31,FB,,Stroke: neurologinen puutosoire ja kuvantamisella varmistettu,
BK,Coronary artery surgery after balloon angioplasty,0,,0.76,UNCHECKED,UNREVIEWED,,0,4006788,Percutaneous transluminal coronary angioplasty,Procedure,MAPS_TO,,<auto>,1642062923650,,2000200249,HPN,Procedure,1996-01-01,2017-12-31,,,Sepelvaltimoleikkaus pallolaajennustoimenpiteen jälkeen,
AJ5,Reconstruction of the descending thoracic aorta with a stent graft,26,,0.67,UNCHECKED,UNREVIEWED,,0,4050280,Bypass graft of the descending thoracic aorta,Procedure,MAPS_TO,,<auto>,1642062924133,,2000200144,HPN,Procedure,1996-01-01,2017-12-31,AJ,,Laskevan torakaaliaortan rekonstruktio stenttigraftilla,
AQ2,Electrophysiological electroanatomical examination,480,,0.55,UNCHECKED,UNREVIEWED,,0,4225119,Neurological examination,Procedure,MAPS_TO,,<auto>,1642062924338,,2000200201,HPN,Procedure,1996-01-01,2017-12-31,AQ,,Elektrofysiologinen elektroanatominen kartoitus,
APF,Other balloon angioplasties and metallic stents,0,,0.54,UNCHECKED,UNREVIEWED,,0,4174895,Percutaneous transluminal angioplasty of vein,Procedure,MAPS_TO,,<auto>,1642062924814,,2000200188,HPN,Procedure,1996-01-01,2017-12-31,AP,,Muu verisuonen pallolaajennus ja metalliverkkoputken asennus,
FH2,The complication led to reoperation due to infection,0,,0.4,UNCHECKED,UNREVIEWED,,0,4306375,Preoperative disinfection of skin,Procedure,MAPS_TO,,<auto>,1642062924874,,2000200285,HPN,Procedure,1996-01-01,2017-12-31,FH,,Komplikaatio johtanut uusintaleikkaukseen infektion takia,
AKX,Other heart / lung transplant surgery,0,,0.66,UNCHECKED,UNREVIEWED,,0,4138959,Heart-lung transplant with recipient cardiectomy-pneumonectomy,Procedure,MAPS_TO,,<auto>,1642062924905,,2000200151,HPN,Procedure,1996-01-01,2017-12-31,AK,,Muu sydän/keuhkosiirtoleikkaus,
APH,PDA closure,0,,0.52,UNCHECKED,UNREVIEWED,,0,4012176,Closure,Procedure,MAPS_TO,,<auto>,1642062925319,,2000200189,HPN,Procedure,1996-01-01,2017-12-31,AP,,PDA sulku,
AJX,Other surgery on the heart or aorta,53,,0.53,UNCHECKED,UNREVIEWED,,0,4094240,Open heart surgery,Procedure,MAPS_TO,,<auto>,1642062925775,,2000200145,HPN,Procedure,1996-01-01,2017-12-31,AJ,,Muu sydämeen tai aorttaan kohdistuva leikkaus,
BL,"Reoperation / procedure (""redo""), same heart failure",0,,0.32,FLAGGED,UNREVIEWED,,0,4309550,Heart failure education,Procedure,MAPS_TO,,<auto>,1642062925805,,2000200250,HPN,Procedure,1996-01-01,2017-12-31,,,"Uusintasydänleikkaus/toimenpide (""redo""), sama sydänvika",WARNING: OUTDATED: domainId for conceptId 4309550 is different in the target vocabularies
AQ3,"""Electrophysiological"" ""non-contact"" "" examination""",15,,0.29,UNCHECKED,UNREVIEWED,,0,4017324,"""Section"" examination - approved doctor",Procedure,MAPS_TO,,<auto>,1642062926119,,2000200202,HPN,Procedure,1996-01-01,2017-12-31,AQ,,"""Elektrofysiologinen """"non-contact"""" kartoitus""",
AL2,"Balloon angioplasty or other percutaneous additional procedure, same treatment period",0,,0.61,UNCHECKED,UNREVIEWED,,0,4174895,Percutaneous transluminal angioplasty of vein,Procedure,MAPS_TO,,<auto>,1642062926491,,2000200154,HPN,Procedure,1996-01-01,2017-12-31,AL,,"Pallolaajennus tai muu perkutaaninen täydentävä toimenpide, sama hoitojakso",
AJ1,"Reconstruction of the aortic base, eg composite graft, incl. valve saving operation",175,,0.4,UNCHECKED,UNREVIEWED,,0,4069382,Reconstruction of nose with composite skin graft,Procedure,MAPS_TO,,<auto>,1642062926554,,2000200140,HPN,Procedure,1996-01-01,2017-12-31,AJ,,"Aortan tyven rekonstruktio esim. komposiittigrafti, sis. läpän säästävän toimenpiteen",
AK,Heart and lung transplant surgeries,0,,0.82,UNCHECKED,UNREVIEWED,,0,4138959,Heart-lung transplant with recipient cardiectomy-pneumonectomy,Procedure,MAPS_TO,,<auto>,1642062927191,,2000200146,HPN,Procedure,1996-01-01,2017-12-31,,,Sydän- ja keuhkosiirtoleikkaukset,
AL,Additional operations (immediate or same treatment period),0,,0.39,UNCHECKED,UNREVIEWED,,0,44803203,Immediate operation NOC,Procedure,MAPS_TO,,<auto>,1642062927616,,2000200152,HPN,Procedure,1996-01-01,2017-12-31,,,Täydentävät toimenpiteet  ( välitön tai sama hoitojakso),
APB,"Balloon angioplasty of coarctation, metallic stent",0,,0.7,UNCHECKED,UNREVIEWED,,0,4205530,Coarctation angioplasty,Procedure,MAPS_TO,,<auto>,1642062927756,,2000200184,HPN,Procedure,1996-01-01,2017-12-31,AP,,Koarktaation pallolaajennus ja metalliverkkoputken asennus,
BM,"New heart surgery / procedure, different heart failure",0,,0.46,UNCHECKED,UNREVIEWED,,0,4094240,Open heart surgery,Procedure,MAPS_TO,,<auto>,1642062927768,,2000200251,HPN,Procedure,1996-01-01,2017-12-31,,,"Uusi sydänleikkaus/toimenpide, eri sydänvika",
FH3,The complication resulted in re-surgery due to a graft problem,0,,0.47,UNCHECKED,UNREVIEWED,,0,4005821,Pre-surgery testing,Procedure,MAPS_TO,,<auto>,1642062927881,,2000200286,HPN,Procedure,1996-01-01,2017-12-31,FH,,Komplikaatio johtanut uusintaleikkaukseen graftiongelman takia,
AK1,HTX (heart transplant),30,,0.72,UNCHECKED,UNREVIEWED,,0,4137127,Transplantation of heart,Procedure,MAPS_TO,,<auto>,1642062927990,,2000200147,HPN,Procedure,1996-01-01,2017-12-31,AK,,HTX (sydänsiirto),
AJ2,Reconstruction of the ascending aorta,147,,0.66,UNCHECKED,UNREVIEWED,,0,4194130,Plication of ascending aorta,Procedure,MAPS_TO,,<auto>,1642062928445,,2000200141,HPN,Procedure,1996-01-01,2017-12-31,AJ,,Nousevan aortan rekonstruktio,
AM1,Carotid surgery,17,,0.62,UNCHECKED,UNREVIEWED,,0,4261829,Laser surgery,Procedure,MAPS_TO,,<auto>,1642062928666,,2000200157,HPN,Procedure,1996-01-01,2017-12-31,AM,,Karotisleikkaus,
AQX,"""Other electrophysiological examination, other than anatomical or"" ""non contact"" """"",0,,0.23,UNCHECKED,UNREVIEWED,,0,4104747,"Physical examination, complete",Procedure,MAPS_TO,,<auto>,1642062928678,,2000200203,HPN,Procedure,1996-01-01,2017-12-31,AQ,,"""Muu elektrofysiologinen kartoitus kuin anatominen tai """"non contact""""""",
BN,Other corrective reoperation,0,,0.61,UNCHECKED,UNREVIEWED,,0,37398822,Preoperative injection,Procedure,MAPS_TO,,<auto>,1642062929214,,2000200252,HPN,Procedure,1996-01-01,2017-12-31,,,Muu korjaava uusintasydänleikkaus,
ALX,"Other additional surgery or procedure, same treatment period",0,,0.43,UNCHECKED,UNREVIEWED,,0,4107445,Heater probe treatment,Procedure,MAPS_TO,,<auto>,1642062929307,,2000200155,HPN,Procedure,1996-01-01,2017-12-31,AL,,"Muu täydentävä leikkaus tai toimenpide, sama hoitojakso",
APC,Pulmonary artery balloon angioplasty,0,,0.8,UNCHECKED,UNREVIEWED,,0,4006788,Percutaneous transluminal coronary angioplasty,Procedure,MAPS_TO,,<auto>,1642062929387,,2000200185,HPN,Procedure,1996-01-01,2017-12-31,AP,,Keuhkovaltimon pallolaajennus,
AR,Catheter ablation of arrhythmia,0,,0.83,UNCHECKED,UNREVIEWED,,0,43021509,Catheter ablation of arrhythmogenic focus,Procedure,MAPS_TO,,<auto>,1642062930326,,2000200204,HPN,Procedure,1996-01-01,2017-12-31,,,Rytmihäiriön katetriablaatio,
AL1,"Bypass, valve or other additional reconstruction, same treatent period",0,,0.42,UNCHECKED,UNREVIEWED,,0,4000891,Heart valve reconstruction,Procedure,MAPS_TO,,<auto>,1642062930508,,2000200153,HPN,Procedure,1996-01-01,2017-12-31,AL,,"Ohitus- läppä- tai  muu täydentävä rekonstruktio, sama hoitojakso",
FH4,Complication reoperation due to a valve problem (eg artificial valve malfunction or plastic failure),0,,0.32,UNCHECKED,UNREVIEWED,,0,4197572,Construction of artificial pharyngeal valve,Procedure,MAPS_TO,,<auto>,1642062931537,,2000200287,HPN,Procedure,1996-01-01,2017-12-31,FH,,Komplikaatiouusintaleikkaus läppäongelman takia (esim. tekoläpän toimintahäiriö tai plastian pettäminen),
AM2,"Surgery of infarction complication eg VSR, aneurysm, rupture of papillary muscle",14,,0.35,UNCHECKED,UNREVIEWED,,0,4030876,Operation on papillary muscle of heart,Procedure,MAPS_TO,,<auto>,1642062931608,,2000200158,HPN,Procedure,1996-01-01,2017-12-31,AM,,"Infarktikomplikaation kirurgia esim. VSR, aneurysma, papillaarilihaksen ruptura",
AK2,SLTX (other lung transplant),0,,0.66,UNCHECKED,UNREVIEWED,,0,4337611,Single lung transplant,Procedure,MAPS_TO,,<auto>,1642062931867,,2000200148,HPN,Procedure,1996-01-01,2017-12-31,AK,,SLTX (toisen keuhkon siirto),
APD,Pulmonary artery balloon angiplasty and metallic stent,0,,0.62,UNCHECKED,UNREVIEWED,,0,4006788,Percutaneous transluminal coronary angioplasty,Procedure,MAPS_TO,,<auto>,1642062931871,,2000200186,HPN,Procedure,1996-01-01,2017-12-31,AP,,Keuhkovaltimon pallolaajennus ja metalliverkkoputken asennus,
AM,Other surgeries / procedures for the demanding cardiac patient,0,,0.53,UNCHECKED,UNREVIEWED,,0,4275564,Operation on heart,Procedure,MAPS_TO,,<auto>,1642062932104,,2000200156,HPN,Procedure,1996-01-01,2017-12-31,,,Muut vaativan sydänpotilaan leikkaukset/toimenpiteet,
CA,"Emergency care, eg acute coronary artery syndrome, aortic dissecation / rupture",0,,0.42,UNCHECKED,UNREVIEWED,,0,4144312,Repair of rupture of coronary artery,Procedure,MAPS_TO,,<auto>,1642062932112,,2000200253,HPN,Procedure,1996-01-01,2017-12-31,,,"Päivystys, esim. akuutti sepelvaltimokohtaus, aortan dissektio/ruptuura",
AH2,Treatment of atrial fibrillation by maze surgery or its modification as the only procedure,48,,0.51,UNCHECKED,UNREVIEWED,,0,4181800,Maze procedure for atrial fibrillation,Procedure,MAPS_TO,,<auto>,1642062932458,,2000200136,HPN,Procedure,1996-01-01,2017-12-31,AH,,Eteisvärinän hoito sokkeloleikkauksella (Maze) tai sen modifikaatio ainoana toimenpiteenä,
APM,Auricle  closure,27,,0.32,UNCHECKED,UNREVIEWED,,0,4012176,Closure,Procedure,MAPS_TO,,<auto>,1642062932620,,2000200193,HPN,Procedure,1996-01-01,2017-12-31,AP,,Eteiskorvakkeen sulku,
AK3,BLTX (both lung transplants),20,,0.61,UNCHECKED,UNREVIEWED,,0,4337138,Transplant of lung,Procedure,MAPS_TO,,<auto>,1642062932782,,2000200149,HPN,Procedure,1996-01-01,2017-12-31,AK,,BLTX (molempien keuhkojen siirto),
AP4,Myocardial biopsy,241,,1,UNCHECKED,UNREVIEWED,,0,4308807,Myocardial biopsy,Procedure,MAPS_TO,,<auto>,1642062932982,,2000200178,HPN,Procedure,1996-01-01,2017-12-31,AP,,Sydänlihasbiopsia,
AR1,"Catheter ablation of arrhythmia, target: AV node reentry activation (AVNRT)",337,,0.41,UNCHECKED,UNREVIEWED,,0,43021509,Catheter ablation of arrhythmogenic focus,Procedure,MAPS_TO,,<auto>,1642062933166,,2000200205,HPN,Procedure,1996-01-01,2017-12-31,AR,,"Rytmihäiriön katetriablaatio, kohde: eteiskammiosolmukkeen kiertoaktivaatio (AVNRT)",
AM3,Use of IABP as mechanical support,35,,0.33,UNCHECKED,UNREVIEWED,,0,4336747,Cardiac support procedure,Procedure,MAPS_TO,,<auto>,1642062933642,,2000200159,HPN,Procedure,1996-01-01,2017-12-31,AM,,IABP:n käyttö mekaanisena tukena,
CB,Elective emergency cardiac patient,0,,0.63,UNCHECKED,UNREVIEWED,,0,4119917,Emergency cardiac pacemaker,Procedure,MAPS_TO,,<auto>,1642062933693,,2000200254,HPN,Procedure,1996-01-01,2017-12-31,,,Elektiivinen kiireellinen sydänpotilas,
APP,Vascular embolization,0,,0.76,UNCHECKED,UNREVIEWED,,0,4046732,Embolization procedure,Procedure,MAPS_TO,,<auto>,1642062933875,,2000200194,HPN,Procedure,1996-01-01,2017-12-31,AP,,Verisuonen embolisaatio,
AK4,"""HLTX (Cardiac Lung Transplant,"" ""Block Transplant"" "")""",0,,0.31,UNCHECKED,UNREVIEWED,,0,4138959,Heart-lung transplant with recipient cardiectomy-pneumonectomy,Procedure,MAPS_TO,,<auto>,1642062934087,,2000200150,HPN,Procedure,1996-01-01,2017-12-31,AK,,"""HLTX (sydänkeuhkosiirto,"""" blokkisiirto"""")""",
APJ,PFO closure,16,,0.6,UNCHECKED,UNREVIEWED,,0,4219986,Closure of patent foramen ovale,Procedure,MAPS_TO,,<auto>,1642062934176,,2000200190,HPN,Procedure,1996-01-01,2017-12-31,AP,,PFO sulku,
FHX,The complication led to reoperation for another reason,0,,0.35,FLAGGED,UNREVIEWED,,0,4309424,Operation for retained placenta,Procedure,MAPS_TO,,<auto>,1642062934360,,2000200288,HPN,Procedure,1996-01-01,2017-12-31,FH,,Komplikaatio johtanut uusintaleikkaukseen muusta syystä,WARNING: OUTDATED: standard_concept for conceptId 4309424 has changed to non-standard
APK,ASD closure,32,,0.51,UNCHECKED,UNREVIEWED,,0,4012176,Closure,Procedure,MAPS_TO,,<auto>,1642062934744,,2000200191,HPN,Procedure,1996-01-01,2017-12-31,AP,,ASD sulku,
AP5,Valveoplasty of the pulmonary artery valve,0,,0.71,UNCHECKED,UNREVIEWED,,0,4051944,Reconstruction of pulmonary artery,Procedure,MAPS_TO,,<auto>,1642062934775,,2000200179,HPN,Procedure,1996-01-01,2017-12-31,AP,,Valvuloplastia keuhkovaltimoläppään,
FM,Dead,0,,0.39,UNCHECKED,UNREVIEWED,,0,4125350,CT of head,Procedure,MAPS_TO,,<auto>,1642062934896,,2000200289,HPN,Procedure,1996-01-01,2017-12-31,,,Kuollut,
APR,Atrial septostomy,0,,0.9,UNCHECKED,UNREVIEWED,,0,4128428,Open atrial septostomy,Procedure,MAPS_TO,,<auto>,1642062935078,,2000200196,HPN,Procedure,1996-01-01,2017-12-31,AP,,Eteisseptostomia,
APL,VSD closure,0,,0.62,UNCHECKED,UNREVIEWED,,0,4199899,Closure of ventricular septal defect,Procedure,MAPS_TO,,<auto>,1642062935281,,2000200192,HPN,Procedure,1996-01-01,2017-12-31,AP,,VSD sulku,
BE,Venous graft balloon angioplasty,0,,0.74,UNCHECKED,UNREVIEWED,,0,4051012,Angioplasty of arterial graft,Procedure,MAPS_TO,,<auto>,1642062935473,,2000200246,HPN,Procedure,1996-01-01,2017-12-31,,,Veenasiirteen pallolaajennustoimenpide,
AR2,"Catheter ablation of arrhythmia, target: extra pathway (WPW, AVRT, PJRT)",159,,0.34,UNCHECKED,UNREVIEWED,,0,43021509,Catheter ablation of arrhythmogenic focus,Procedure,MAPS_TO,,<auto>,1642062935544,,2000200206,HPN,Procedure,1996-01-01,2017-12-31,AR,,"Rytmihäiriön katetriablaatio, kohde: oikorata (WPW, AVRT, PJRT)",
AP6,Valveoplasty of the aortic valve,47,,0.72,INVALID_TARGET,UNREVIEWED,,0,0,Unmapped,,MAPS_TO,Invalid existing target: 4010257,,0,,2000200180,HPN,Procedure,1996-01-01,2017-12-31,AP,,Valvuloplastia aorttaläppään,
APQ,Pericardium fenestration with a balloon catheter,0,,0.52,UNCHECKED,UNREVIEWED,,0,4238653,Pericardiostomy,Procedure,MAPS_TO,,<auto>,1642062936212,,2000200195,HPN,Procedure,1996-01-01,2017-12-31,AP,,Perikardiumin fenestraatio pallokatetrilla,
AH3,"Treatment of arrhythmias, eg atrial fibrillation, in conjunction with other cardiac surgery",88,,0.48,UNCHECKED,UNREVIEWED,,0,43021509,Catheter ablation of arrhythmogenic focus,Procedure,MAPS_TO,,<auto>,1642062936222,,2000200137,HPN,Procedure,1996-01-01,2017-12-31,AH,,"Rytmihäiriön, esim eteisvärinän hoito, muun sydänkirurgian yhteydessä",
FM1,Died at the clinic during the treatment period,0,,0.42,UNCHECKED,UNREVIEWED,,0,4030218,Inhalation therapy procedure,Procedure,MAPS_TO,,<auto>,1642062936880,,2000200290,HPN,Procedure,1996-01-01,2017-12-31,FM,,Kuollut klinikassa hoitojakson aikana,
BF,Arterial graft balloon angioplasty,0,,0.92,UNCHECKED,UNREVIEWED,,0,4051012,Angioplasty of arterial graft,Procedure,MAPS_TO,,<auto>,1642062937313,,2000200247,HPN,Procedure,1996-01-01,2017-12-31,,,Valtimosiirteen pallolaajennustoimenpide,
APS,Ventricular septal alcohol ablation (septic vascular embolization),7,,0.55,UNCHECKED,UNREVIEWED,,0,4229994,Percutaneous transluminal septal myocardial ablation,Procedure,MAPS_TO,,<auto>,1642062937437,,2000200197,HPN,Procedure,1996-01-01,2017-12-31,AP,,Kammioseptumin alkoholiablaatio (septaalisuonen embolisaatio),
AP1,Catheterization of the left side of the heart,1954,,0.81,UNCHECKED,UNREVIEWED,,0,4195852,Catheterization of left heart,Procedure,MAPS_TO,,<auto>,1642062937589,,2000200175,HPN,Procedure,1996-01-01,2017-12-31,AP,,Sydämen vasemman puolen katetrointi,
BB,"Reoperation after balloon angioplasty, percutaneous",0,,0.73,UNCHECKED,UNREVIEWED,,0,4286646,Percutaneous transluminal balloon angioplasty,Procedure,MAPS_TO,,<auto>,1642062937639,,2000200243,HPN,Procedure,1996-01-01,2017-12-31,,,"Uusintatoimenpide pallolaajennuksen jälkeen, perkutaani",
AHX,"Other arrhythmia surgery (eg WPW, etc.)",0,,0.37,UNCHECKED,UNREVIEWED,,0,4051932,Procedure for arrhythmia,Procedure,MAPS_TO,,<auto>,1642062937690,,2000200138,HPN,Procedure,1996-01-01,2017-12-31,AH,,Muu rytmihäiriöleikkaus ( esim WPW jne. ),
AP7,Valveoplasty of the mitral valve,15,,0.65,UNCHECKED,UNREVIEWED,,0,4297236,Mitral valvuloplasty,Procedure,MAPS_TO,,<auto>,1642062937698,,2000200181,HPN,Procedure,1996-01-01,2017-12-31,AP,,Valvuloplastia mitraaliläppään,
ANF,Coronary radiotherapy,0,,0.76,FLAGGED,UNREVIEWED,,0,4029715,Radiation oncology AND/OR radiotherapy,Procedure,MAPS_TO,,<auto>,1642062937920,,2000200172,HPN,Procedure,1996-01-01,2017-12-31,AN,,Sepelvaltimon sädehoito,WARNING: OUTDATED: standard_concept for conceptId 4029715 has changed to non-standard
FG1,Prolonged respiratory therapy (24 hours after intubation),0,,0.5,UNCHECKED,UNREVIEWED,,0,40487536,Intubation of respiratory tract,Procedure,MAPS_TO,,<auto>,1642062938539,,2000200282,HPN,Procedure,1996-01-01,2017-12-31,FG,,Pitkittynyt respiraattorihoito (24 tuntia intubaatiosta),
FF,Multi-organ complication,0,,0.36,UNCHECKED,UNREVIEWED,,0,4345348,Multiple organ donation operation,Procedure,MAPS_TO,,<auto>,1642062938914,,2000200279,HPN,Procedure,1996-01-01,2017-12-31,,,Monielinkomplikaatio,
APX,Other cardiac catheter operation,34,,0.71,UNCHECKED,UNREVIEWED,,0,4223020,Cardiac catheterization,Procedure,MAPS_TO,,<auto>,1642062938984,,2000200198,HPN,Procedure,1996-01-01,2017-12-31,AP,,Muu sydämen katetritoimenpide,
AP8,Valveoplasty of the tricuspidal valve,0,,0.66,UNCHECKED,UNREVIEWED,,0,4144859,Annuloplasty of tricuspid valve,Procedure,MAPS_TO,,<auto>,1642062939227,,2000200182,HPN,Procedure,1996-01-01,2017-12-31,AP,,Valvuloplastia trikuspidaaliläppään,
BG,Other percutaneous cardiac reoperation,0,,0.57,UNCHECKED,UNREVIEWED,,0,4285725,Percutaneous valvuloplasty,Procedure,MAPS_TO,,<auto>,1642062939347,,2000200248,HPN,Procedure,1996-01-01,2017-12-31,,,Muu perkutaaninen sydämen uusintatoimenpide,
AP2,Catheterization of the right side of the heart,351,,0.8,UNCHECKED,UNREVIEWED,,0,4223626,Catheterization of right heart,Procedure,MAPS_TO,,<auto>,1642062939438,,2000200176,HPN,Procedure,1996-01-01,2017-12-31,AP,,Sydämen oikean puolen katetrointi,
BC,"Reoperation after stent, percutaneous",0,,0.5,UNCHECKED,UNREVIEWED,,0,44805463,Percutaneous operation on heart,Procedure,MAPS_TO,,<auto>,1642062939519,,2000200244,HPN,Procedure,1996-01-01,2017-12-31,,,"Uusintatoimenpide metalliverkon jälkeen, perkutaani",
ANX,Other percutaneous coronary operation,82,,0.72,UNCHECKED,UNREVIEWED,,0,4216130,Percutaneous coronary intervention,Procedure,MAPS_TO,,<auto>,1642062940059,,2000200173,HPN,Procedure,1996-01-01,2017-12-31,AN,,Muu sepelvaltimon perkutaaninen toimenpide,
FH,Complication led to reoperation,0,,0.44,UNCHECKED,UNREVIEWED,,0,4090451,Revision of knee arthroplasty,Procedure,MAPS_TO,,<auto>,1642062940160,,2000200283,HPN,Procedure,1996-01-01,2017-12-31,,,Komplikaatio johtanut uusintaleikkaukseen,
FF1,SIRS / MOF (multiorgan damage),0,,0.3,UNCHECKED,UNREVIEWED,,0,4345348,Multiple organ donation operation,Procedure,MAPS_TO,,<auto>,1642062940239,,2000200280,HPN,Procedure,1996-01-01,2017-12-31,FF,,SIRS/MOF (monielinvaurio),
AQ,Electrophysiological special examination,0,,0.66,UNCHECKED,UNREVIEWED,,0,4194672,Specialized medical examination,Procedure,MAPS_TO,,<auto>,1642062940676,,2000200199,HPN,Procedure,1996-01-01,2017-12-31,,,Elektrofysiologinen erikoistutkimus,
APA,Balloon angioplasty of coarctation,0,,0.82,UNCHECKED,UNREVIEWED,,0,4205530,Coarctation angioplasty,Procedure,MAPS_TO,,<auto>,1642062940868,,2000200183,HPN,Procedure,1996-01-01,2017-12-31,AP,,Koarktaation pallolaajennus,
AP,Other cardiac catheter procedures,0,,0.77,UNCHECKED,UNREVIEWED,,0,4223020,Cardiac catheterization,Procedure,MAPS_TO,,<auto>,1642062941445,,2000200174,HPN,Procedure,1996-01-01,2017-12-31,,,Muut sydämen katetritoimenpiteet,
AP3,Catheterization of the right and left side of the heart,268,,0.78,UNCHECKED,UNREVIEWED,,0,4148375,Catheterization of both left and right heart,Procedure,MAPS_TO,,<auto>,1642062941605,,2000200177,HPN,Procedure,1996-01-01,2017-12-31,AP,,Sydämen oikean ja vasemman puolen katetrointi,
FG,Prolonged respiratory therapy,0,,0.82,UNCHECKED,UNREVIEWED,,0,4203780,Respiratory therapy,Procedure,MAPS_TO,,<auto>,1642062941719,,2000200281,HPN,Procedure,1996-01-01,2017-12-31,,,Pitkittynyt respiraattorihoito,
BD,"Reoperation after drug eluting stent, percutaneous",0,,0.52,UNCHECKED,UNREVIEWED,,0,44809397,Fluoroscopy guided percutaneous insertion of drug eluting stent,Procedure,MAPS_TO,,<auto>,1642062941906,,2000200245,HPN,Procedure,1996-01-01,2017-12-31,,,"Uusintatoimenpide lääkeverkon jälkeen, perkutaani",
AQ1,Conventional electrophysiological examination,1239,,0.57,UNCHECKED,UNREVIEWED,,0,4225119,Neurological examination,Procedure,MAPS_TO,,<auto>,1642062942150,,2000200200,HPN,Procedure,1996-01-01,2017-12-31,AQ,,Tavanomainen elektrofysiologinen tutkimus,
FH1,The complication led to reoperation due to leakage,0,,0.27,UNCHECKED,UNREVIEWED,,0,4254795,Management of compliance with medication regimen,Procedure,MAPS_TO,,<auto>,1642062942171,,2000200284,HPN,Procedure,1996-01-01,2017-12-31,FH,,Komplikaatio johtanut uusintaleikkaukseen vuodon takia,
